{
  "meta_title": "Ofertas Afins - tudo, a toda hora, em qualquer lugar :)",
  "meta_description": "Preço baixo e as melhores ofertas de smartphones, notebooks, tablets, roupas, desodorantes, calçados e mais na Ofertas Afins. Aproveite!",
  "sections": [
    {
      "type": "banner-slider",
      "autoplay": 9000,
      "slides": [
        {
          "start": "2021-04-01T19:59:10.039Z",
          "end": "2022-06-11T19:59:10.094Z",
          "img": "/img/uploads/category_banner_1400x500px_red_bull2020.jpeg",
          "mobile_img": "/img/uploads/category_banner_1400x500px_red_bull2020.jpeg",
          "link": "https://ofertasafins.com.br/search?term=red+bull"
        }
      ]
    },
    {
      "type": "info-bar",
      "enabled": true
    },
    {
      "type": "collection-shelf",
      "shuffle": true,
      "limit": 12,
      "page": 1,
      "collection_id": "605df87ea46e555927c5d4ea:collections:O que outros clientes estão vendo:/o-que-outros-clientes-estao-vendo"
    },
    {
      "type": "collection-shelf",
      "shuffle": true,
      "limit": 12,
      "page": 1,
      "collection_id": "605cf375a46e555927c542f5:categories:MASCULINO:/masculino",
      "sort": "views",
      "title": "Para Ele"
    },
    {
      "type": "collection-shelf",
      "shuffle": true,
      "limit": 12,
      "page": 1,
      "collection_id": "605cf369a46e555927c542d5:categories:FEMININO:/feminimo",
      "sort": "views",
      "title": "Para Ela"
    },
    {
      "type": "banners-grid",
      "banners": [
        {
          "img": "/img/uploads/halfbanner-produtos-femininos.jpeg",
          "mobile_img": "/img/uploads/halfbanner-produtos-femininos.jpeg"
        },
        {
          "img": "/img/uploads/halfbanner-produtos-masculinos.jpeg",
          "mobile_img": "/img/uploads/halfbanner-produtos-masculinos.jpeg"
        }
      ]
    },
    {
      "type": "collection-shelf",
      "shuffle": true,
      "limit": 12,
      "page": 1,
      "title": "Baixou de preço",
      "collection_id": "60759dbe71f42b0eaf72a0e6:brands:Formula 1:/formula-1"
    },
    {
      "type": "banner-slider",
      "autoplay": 9000,
      "slides": [
        {
          "start": "2021-04-01T20:33:28.726Z",
          "end": "2022-08-31T20:33:28.784Z",
          "img": "/img/uploads/banner_1009.jpeg",
          "mobile_img": "/img/uploads/banner_1009.jpeg"
        }
      ]
    },
    {
      "type": "collection-shelf",
      "shuffle": false,
      "limit": 12,
      "page": 1,
      "title": "Produtos em destaque",
      "collection_id": "606629a93c48b468b9aebac6:brands:Adidas:/adidas"
    },
    {
      "type": "brands-carousel",
      "limit": 24,
      "offset": 0,
      "sort": null
    }
  ]
}